{
    "Admiralty MRT": [
        1.44058856161847,
        103.800990519771
    ],
    "Aljunied MRT": [
        1.3164326118157,
        103.882906044385
    ],
    "Ang Mo Kio MRT": [
        1.36993284962262,
        103.84955809232
    ],
    "Bakau LRT": [
        1.38799431054768,
        103.905415300171
    ],
    "Bangkit LRT": [
        1.38002223010088,
        103.772647370452
    ],
    "Bartley MRT": [
        1.34250117805245,
        103.880177899184
    ],
    "Bayfront MRT": [
        1.28187378879209,
        103.859079764874
    ],
    "Bayshore MRT": [
        1.31312248299118,
        103.942307986645
    ],
    "Beauty World MRT": [
        1.34122317558549,
        103.775794285083
    ],
    "Bedok MRT": [
        1.32040148729112,
        103.957183823478
    ],
    "Bedok North MRT": [
        1.33474211664091,
        103.91797832995
    ],
    "Bedok Reservoir MRT": [
        1.33660782955099,
        103.932234623286
    ],
    "Bencoolen MRT": [
        1.29891843369422,
        103.850353762717
    ],
    "Bendemeer MRT": [
        1.31367252847691,
        103.862977620945
    ],
    "Bishan MRT": [
        1.35131580146658,
        103.84914026532
    ],
    "Boon Keng MRT": [
        1.31933570922514,
        103.861569454156
    ],
    "Boon Lay MRT": [
        1.33860405469845,
        103.706064622772
    ],
    "Botanic Gardens MRT": [
        1.32238699517166,
        103.815385463093
    ],
    "Braddell MRT": [
        1.3404690010277,
        103.846799083148
    ],
    "Bras Basah MRT": [
        1.29686168649656,
        103.850667371637
    ],
    "Buangkok MRT": [
        1.38287001971672,
        103.893122569706
    ],
    "Bugis MRT": [
        1.30046508509717,
        103.855706730933
    ],
    "Bukit Batok MRT": [
        1.34903331201636,
        103.749566478309
    ],
    "Bukit Brown MRT": [
        1.33372888295973,
        103.830689549849
    ],
    "Bukit Gombak MRT": [
        1.35861159094192,
        103.751790910733
    ],
    "Bukit Panjang MRT": [
        1.37900211641036,
        103.761535114929
    ],
    "Buona Vista MRT": [
        1.3072237082044,
        103.790253514502
    ],
    "Caldecott MRT": [
        1.33724561271722,
        103.840161782075
    ],
    "Cashew MRT": [
        1.36981544925552,
        103.76443921414
    ],
    "Changi Airport MRT": [
        1.35747897447692,
        103.98788356959
    ],
    "Chinatown MRT": [
        1.28422391919085,
        103.845143798953
    ],
    "Chinese Garden MRT": [
        1.34235282081401,
        103.732596738363
    ],
    "Choa Chu Kang MRT": [
        1.38536316540225,
        103.744370779756
    ],
    "City Hall MRT": [
        1.29293672227779,
        103.852585580366
    ],
    "Clarke Quay MRT": [
        1.28838602407588,
        103.846555209694
    ],
    "Clementi MRT": [
        1.31511625277378,
        103.765191452888
    ],
    "Commonwealth MRT": [
        1.30250199924325,
        103.798228523336
    ],
    "Compassvale LRT": [
        1.39449304450373,
        103.900492450944
    ],
    "Cove LRT": [
        1.39928198837342,
        103.905961941214
    ],
    "Dakota MRT": [
        1.30854798388121,
        103.889064718377
    ],
    "Dhoby Ghaut MRT": [
        1.29870132536119,
        103.846113677951
    ],
    "Downtown MRT": [
        1.27944638178916,
        103.852840829581
    ],
    "Xilin MRT": [
        1.32890694938858,
        103.964902569595
    ],
    "Tampines East MRT": [
        1.35619148271544,
        103.9546344625
    ],
    "Mayflower MRT": [
        1.37146318831015,
        103.836567766945
    ],
    "Upper Thomson MRT": [
        1.35441643365401,
        103.832898468504
    ],
    "Lentor MRT": [
        1.38550657972169,
        103.835743809669
    ],
    "Woodlands North MRT": [
        1.44778217342648,
        103.7851355073
    ],
    "Woodlands South MRT": [
        1.42748811362716,
        103.792729941333
    ],
    "Esplanade MRT": [
        1.2936577245386,
        103.855081226245
    ],
    "Eunos MRT": [
        1.31978354916088,
        103.903225807255
    ],
    "Expo MRT": [
        1.33538252614956,
        103.962374747451
    ],
    "Fajar LRT": [
        1.38457317668026,
        103.770887223018
    ],
    "Farmway LRT": [
        1.39717019591821,
        103.889304824196
    ],
    "Farrer Park MRT": [
        1.31314029963164,
        103.854754721344
    ],
    "Fort Canning MRT": [
        1.29248194822996,
        103.844331362465
    ],
    "Gardens by the Bay MRT": [
        1.27848725876303,
        103.867454664421
    ],
    "Geylang Bahru MRT": [
        1.32130110228321,
        103.871622627142
    ],
    "HarbourFront MRT": [
        1.26538938374901,
        103.821530157095
    ],
    "Haw Par Villa MRT": [
        1.28257135772488,
        103.781752725064
    ],
    "Hillview MRT": [
        1.36234486803558,
        103.767418254007
    ],
    "Holland Village MRT": [
        1.31224029631595,
        103.796399122407
    ],
    "Hougang MRT": [
        1.37129226620797,
        103.892380513029
    ],
    "Jalan Besar MRT": [
        1.3051713878069,
        103.855295713435
    ],
    "Joo Koon MRT": [
        1.3277170408447,
        103.678374996165
    ],
    "Jurong East MRT": [
        1.33315281585758,
        103.742286332403
    ],
    "Jurong West MRT": [
        1.33758701106708,
        103.697321608474
    ],
    "Kadaloor LRT": [
        1.39950910636258,
        103.916574974234
    ],
    "Kaki Bukit MRT": [
        1.33503853739157,
        103.908775991205
    ],
    "Kallang MRT": [
        1.31148890998818,
        103.871386541754
    ],
    "Kembangan MRT": [
        1.3210381335934,
        103.912947930851
    ],
    "Keppel MRT": [
        1.26977220124441,
        103.830031459524
    ],
    "King Albert Park MRT": [
        1.335893496278,
        103.783235863233
    ],
    "Kovan MRT": [
        1.36017917065237,
        103.885064856353
    ],
    "Kranji MRT": [
        1.42508698073648,
        103.762137459497
    ],
    "Labrador Park MRT": [
        1.27225417749656,
        103.802631578766
    ],
    "Lakeside MRT": [
        1.34425911493819,
        103.720949087456
    ],
    "Lavender MRT": [
        1.30737781747063,
        103.862767633888
    ],
    "Layar LRT": [
        1.39207983659997,
        103.880029600546
    ],
    "Little India MRT": [
        1.30680019696174,
        103.849647059738
    ],
    "Lorong Chuan MRT": [
        1.35161217074555,
        103.864151938651
    ],
    "MacPherson MRT": [
        1.32615024457361,
        103.889298600376
    ],
    "Marina Bay MRT": [
        1.276410298755,
        103.854595522263
    ],
    "Marina South Pier MRT": [
        1.27102703612006,
        103.862447515736
    ],
    "Marsiling MRT": [
        1.43252114855026,
        103.774074641403
    ],
    "Marymount MRT": [
        1.348707263451,
        103.839423132332
    ],
    "Mattar MRT": [
        1.32687671501334,
        103.883247509542
    ],
    "Meridian LRT": [
        1.3969120498774,
        103.908950224489
    ],
    "Mountbatten MRT": [
        1.30620190525331,
        103.882528081052
    ],
    "Newton MRT": [
        1.3123189224097,
        103.837984594021
    ],
    "Nibong LRT": [
        1.41185447744238,
        103.900339452055
    ],
    "Nicoll Highway MRT": [
        1.29976684675139,
        103.86363696572
    ],
    "Novena MRT": [
        1.32044079120154,
        103.843825618748
    ],
    "Oasis LRT": [
        1.40228667971123,
        103.912727352412
    ],
    "One-North MRT": [
        1.29973599364922,
        103.787472120061
    ],
    "Orchard MRT": [
        1.30242224836722,
        103.823868523249
    ],
    "Outram Park MRT": [
        1.27973970679335,
        103.839513521005
    ],
    "Paya Lebar MRT": [
        1.3172473854035,
        103.892260753884
    ],